Workbook
Name cause: #REF!
Name Comments: #REF!
Name FunctionalityImpPercentage: [1]Formulas!$C$19
Name GrandTotal: '[2]Server HW Details'!#REF!
Name Ltst_TestLog: "'Test log'"
Name Severity: #REF!
Name State_of_Origin: #REF!

Sheet Report
A2: On the Job Training Assessment Report
A4: Employee ID | E4: Employee Name | J4: Assessment Date
A6: 2081120 | E6: Venkatesh.Bandaru@cognizant.com | J6: 13/1/2026
A7: OJT Name | E7: Developing Single Page Application Using React -On-The-Job Evaluation [201-INTERMEDIATE]
A8: This is to certify that he/she has
A10: =IF(('Metric Test Case'!G101)>60,"COMPLETED","Not COMPLETED") -> Not COMPLETED
A11: Web Application Development using React JS - Social Connect - PL2 - ATHDW309473
A12: Overall Report
A13: Areas of Excellence
A14: =SUBSTITUTE(SUBSTITUTE(SUBSTITUTE(SUBSTITUTE(CONCATENATE( IF('Skill Cluster'!B3="Areas of Excellence",'Skill Cluster'!A3),", ", IF('Skill Cluster'!B4="Areas of Excellence",'Skill Cluster'!A4),", ", IF('Skill Cluster'!B5="Areas of Excellence",'Skill Cluster'!A5),", ", IF('Skill Cluster'!B6="Areas of Excellence",'Skill Cluster'!A6),", ", IF('Skill Cluster'!B7="Areas of Excellence",'Skill Cluster'!A7) )," FALSE,",""),", FALSE",""),"FALSE, ",""),"FALSE","")
A18: Areas of Improvement
A19: =SUBSTITUTE(SUBSTITUTE(SUBSTITUTE(SUBSTITUTE(CONCATENATE( IF('Skill Cluster'!B3="Areas of Improvement",'Skill Cluster'!A3),", ", IF('Skill Cluster'!B4="Areas of Improvement",'Skill Cluster'!A4),", ", IF('Skill Cluster'!B5="Areas of Improvement",'Skill Cluster'!A5),", ", IF('Skill Cluster'!B6="Areas of Improvement",'Skill Cluster'!A6),", ", IF('Skill Cluster'!B7="Areas of Improvement",'Skill Cluster'!A7) )," FALSE,",""),", FALSE",""),"FALSE, ",""),"FALSE","") -> Develop User interfaces for all the pages, API Implementations, Developing Reusable Components
A24: Areas of Focus
A25: =SUBSTITUTE(SUBSTITUTE(SUBSTITUTE(SUBSTITUTE(CONCATENATE( IF('Skill Cluster'!B3="Areas of Focus",'Skill Cluster'!A3),", ", IF('Skill Cluster'!B4="Areas of Focus",'Skill Cluster'!A4),", ", IF('Skill Cluster'!B5="Areas of Focus",'Skill Cluster'!A5),", ", IF('Skill Cluster'!B6="Areas of Focus",'Skill Cluster'!A6),", ", IF('Skill Cluster'!B7="Areas of Focus",'Skill Cluster'!A7) )," FALSE,",""),", FALSE",""),"FALSE, ",""),"FALSE","") -> Functionalities, Performance Best practices / Others

Sheet Metric Test Case
A1: React JS - PL2-Social Connect Metrics Test Cases | J1: 0.5 | L1: Alternate Approach | M1: 0.5
A2: Business Requirements | B2: Web Page / Class Affected /Test scenario | C2: Code Snippet to be checked / Expected Result | D2: Weightage | E2: Topic | F2: Topic Score | H2: Comments
A4: Design UI : Develop User interfaces for all the pages as per the business requirements | B4: Create UI for all the screens | D4: =SUM(D5:D33) -> 30 | F4: Result | G4: =SUM(G5:G33) -> 23
B5: Header | C5: The header must prominently display the Social Connect logo for consistent branding and identity across all pages. It should be responsive, adapting to various screen sizes and devices for a seamless user experience on desktop and mobile platforms. | D5: 2 | E5: ● Apply and build the application using the core React concepts. ● Apply state management concepts and build th+C19+E5 | F5: PASS | G5: =IF(F5="PASS",$D5,IF(F5="Alternate Approach/Partial Implementation",($J$1*$D5),0)) -> 2
B6: User Details with Bio | C6: Visual Layout: Design a visually appealing layout to showcase the user's profile picture, name, username, and relevant details. | D6: 1 | F6: PASS | G6: =IF(F6="PASS",$D6,IF(F6="Alternate Approach/Partial Implementation",($J$1*$D6),0)) -> 1
C7: User Information: Display key user information, such as age, location, interests, and any other pertinent details. | D7: 1 | F7: PASS | G7: =IF(F7="PASS",$D7,IF(F7="Alternate Approach/Partial Implementation",($J$1*$D7),0)) -> 1
C8: UI Components: Utilize appropriate UI components like cards, sections, or tabs to organize different aspects of the user's information. | D8: 1 | F8: PASS | G8: =IF(F8="PASS",$D8,IF(F8="Alternate Approach/Partial Implementation",($J$1*$D8),0)) -> 1
C9: Bio Content: Provide a designated section for the user's biography, allowing them to describe themselves, their interests, or any other relevant information. | D9: 1 | F9: PASS | G9: =IF(F9="PASS",$D9,IF(F9="Alternate Approach/Partial Implementation",($J$1*$D9),0)) -> 1
C10: Formatting and Styling: Design the bio page with proper formatting and styling, including paragraph breaks, bullet points, or emphasis on important details. | D10: 1 | F10: PASS | G10: =IF(F10="PASS",$D10,IF(F10="Alternate Approach/Partial Implementation",($J$1*$D10),0)) -> 1
C11: Readability: Ensure the bio content is presented in a readable format, avoiding clutter and excessive text. | D11: 1 | F11: PASS | G11: =IF(F11="PASS",$D11,IF(F11="Alternate Approach/Partial Implementation",($J$1*$D11),0)) -> 1
B12: Cover Page | C12: Visual Appeal: Design an attractive and visually appealing cover page layout that complements the overall aesthetic of the application. | D12: 1 | F12: PASS | G12: =IF(F12="PASS",$D12,IF(F12="Alternate Approach/Partial Implementation",($J$1*$D12),0)) -> 1
C13: Integration with User Profile: Ensure that the cover photo seamlessly integrates with the user's profile page, providing a cohesive user experience. | D13: 1 | F13: PASS | G13: =IF(F13="PASS",$D13,IF(F13="Alternate Approach/Partial Implementation",($J$1*$D13),0)) -> 1
C14: Differentiate Banner and Avatar: Create separate sections or folders to store the cover photo (banner) and user's profile picture (avatar) for easy management. | D14: 1 | F14: PASS | G14: =IF(F14="PASS",$D14,IF(F14="Alternate Approach/Partial Implementation",($J$1*$D14),0)) -> 1
C15: User Upload: Allow users to upload their own cover photo from their local device or select from pre-defined options. | D15: 1 | F15: FAIL | G15: =IF(F15="PASS",$D15,IF(F15="Alternate Approach/Partial Implementation",($J$1*$D15),0)) -> 0 | H15: Change Cover button is present with camera icon and proper styling.Button lacks onClick event handler and file input mechanism - feature not implemented.
C16: User Interaction: Provide a user-friendly interface for selecting or uploading a cover photo, allowing users to preview and confirm their selection. | D16: 1 | F16: FAIL | G16: =IF(F16="PASS",$D16,IF(F16="Alternate Approach/Partial Implementation",($J$1*$D16),0)) -> 0 | H16: Change Cover button is present with camera icon and proper styling.Button lacks onClick event handler and file input mechanism - feature not implemented.
B17: Adding Post | C17: Message Box: Design a user-friendly message box for post content, supporting text, emojis, and rich media. | D17: 1 | F17: PASS | G17: =IF(F17="PASS",$D17,IF(F17="Alternate Approach/Partial Implementation",($J$1*$D17),0)) -> 1
C18: Image Attachment: Provide a mechanism for users to select and attach images from the application's asset folder to their posts. | D18: 1 | F18: FAIL | G18: =IF(F18="PASS",$D18,IF(F18="Alternate Approach/Partial Implementation",($J$1*$D18),0)) -> 0 | H18: Photo/Video button displays correctly with image icon in post creation form.Button has no click event binding and no file upload logic - feature not implemented.
C19: User Interface: Create a clear and intuitive user interface that guides users through the post creation process. | D19: 1 | F19: Alternate Approach/Partial implementation | G19: =IF(F19="PASS",$D19,IF(F19="Alternate Approach/Partial Implementation",($J$1*$D19),0)) -> 0.5 | H19: Basic text posting works but guided workflow and validation missing
C20: Responsive Layout: Ensure a responsive layout adaptable to different screen sizes and devices for a consistent user experience. | D20: 1 | F20: PASS | G20: =IF(F20="PASS",$D20,IF(F20="Alternate Approach/Partial Implementation",($J$1*$D20),0)) -> 1
C21: Rendering and Display: Display user posts in visually appealing and user-friendly sections of the application. | D21: 1 | F21: PASS | G21: =IF(F21="PASS",$D21,IF(F21="Alternate Approach/Partial Implementation",($J$1*$D21),0)) -> 1
B22: Feed Area | C22: User-Friendly Layout: Design a visually appealing and user-friendly layout to present the posts in the feed area. | D22: 1 | F22: PASS | G22: =IF(F22="PASS",$D22,IF(F22="Alternate Approach/Partial Implementation",($J$1*$D22),0)) -> 1
C23: Post Content: Ensure that the post content, including the message, author, timestamp, and any attached images, is properly displayed and easily readable. | D23: 1 | F23: FAIL | G23: =IF(F23="PASS",$D23,IF(F23="Alternate Approach/Partial Implementation",($J$1*$D23),0)) -> 0 | H23: Photo/Video button has no click handler or file upload
C24: Pagination: Consider implementing pagination or infinite scrolling to manage large volumes of posts efficiently. | D24: 1 | F24: FAIL | G24: =IF(F24="PASS",$D24,IF(F24="Alternate Approach/Partial Implementation",($J$1*$D24),0)) -> 0 | H24: No pagination or No infinite scrolling logic implemented
C25: Comment Section: Include a comment section beneath each post where users can leave comments and engage in discussions. | D25: 1 | F25: PASS | G25: =IF(F25="PASS",$D25,IF(F25="Alternate Approach/Partial Implementation",($J$1*$D25),0)) -> 1
C26: Comment Count: Display the total number of comments on a post to provide a sense of engagement and activity. | D26: 1 | F26: PASS | G26: =IF(F26="PASS",$D26,IF(F26="Alternate Approach/Partial Implementation",($J$1*$D26),0)) -> 1
B27: Friends List | C27: User-Friendly Layout: Design an intuitive and visually appealing interface to display the user's list of friends. | D27: 1 | F27: PASS | G27: =IF(F27="PASS",$D27,IF(F27="Alternate Approach/Partial Implementation",($J$1*$D27),0)) -> 1
C28: Friend Details: Include relevant information about each friend, such as their profile picture, name, and any additional details that promote recognition and interaction. | D28: 1 | F28: PASS | G28: =IF(F28="PASS",$D28,IF(F28="Alternate Approach/Partial Implementation",($J$1*$D28),0)) -> 1
B29: Add User (Friends) | C29: User-Friendly Interface: Design a modal popup that allows users to enter basic information about the new user they want to add. | D29: 1 | F29: PASS | G29: =IF(F29="PASS",$D29,IF(F29="Alternate Approach/Partial Implementation",($J$1*$D29),0)) -> 1
C30: Form Fields: Include relevant fields for capturing the basic information, such as name, profile picture, email, and any other necessary details. | D30: 1 | F30: Alternate Approach/Partial implementation | G30: =IF(F30="PASS",$D30,IF(F30="Alternate Approach/Partial Implementation",($J$1*$D30),0)) -> 0.5 | H30: profile picture upload missing
C31: Submit Button: Provide a button to submit the user's information and add them to the friends list. | D31: 1 | F31: PASS | G31: =IF(F31="PASS",$D31,IF(F31="Alternate Approach/Partial Implementation",($J$1*$D31),0)) -> 1
C32: User Experience: Display the add user functionality within a modal popup to provide a focused and intuitive user experience. | D32: 1 | F32: PASS | G32: =IF(F32="PASS",$D32,IF(F32="Alternate Approach/Partial Implementation",($J$1*$D32),0)) -> 1
C33: Visual Feedback: Provide visual feedback to indicate the successful addition of the new user, ensuring the user is aware that the process has completed successfully. | D33: 1 | F33: FAIL | G33: =IF(F33="PASS",$D33,IF(F33="Alternate Approach/Partial Implementation",($J$1*$D33),0)) -> 0 | H33: No success notification/toast
A35: API Implementations | B35: Use API calls to fetch and show the data as per the need | D35: =SUM(D36:D46) -> 10 | G35: =SUM(G36:G46) -> 6.5
B36: Fetch Users | C36: Fetches a list of users from the backend server | D36: 1 | E36: • API Integration | F36: PASS | G36: =IF(F36="PASS",$D36,IF(F36="Alternate Approach/Partial Implementation",($J$1*$D36),0)) -> 1
B37: Retrieve Posts | C37: Retrieves a list of posts from the backend server. | D37: 1 | F37: PASS | G37: =IF(F37="PASS",$D37,IF(F37="Alternate Approach/Partial Implementation",($J$1*$D37),0)) -> 1
B38: Create Post | C38: Creates a new post and stores it in the backend database. | D38: 1 | F38: PASS | G38: =IF(F38="PASS",$D38,IF(F38="Alternate Approach/Partial Implementation",($J$1*$D38),0)) -> 1
B39: Update User | C39: Updates user information in the backend database. | D39: 1 | F39: PASS | G39: =IF(F39="PASS",$D39,IF(F39="Alternate Approach/Partial Implementation",($J$1*$D39),0)) -> 1
B40: Delete Post | C40: Deletes a specific post from the backend database. | D40: 1 | F40: FAIL | G40: =IF(F40="PASS",$D40,IF(F40="Alternate Approach/Partial Implementation",($J$1*$D40),0)) -> 0 | H40: NOT IMPLEMENTED
B41: Add Friend | C41: Adds a new user as a friend to the current user's friends list in the backend. | D41: 1 | F41: PASS | G41: =IF(F41="PASS",$D41,IF(F41="Alternate Approach/Partial Implementation",($J$1*$D41),0)) -> 1
B42: Get Friends | C42: Retrieves the list of friends for the current user from the backend server. | D42: 1 | F42: PASS | G42: =IF(F42="PASS",$D42,IF(F42="Alternate Approach/Partial Implementation",($J$1*$D42),0)) -> 1
B43: Set Cover Photo | C43: Uploads and sets a new cover photo for the user in the backend database. | D43: 1 | F43: FAIL | G43: =IF(F43="PASS",$D43,IF(F43="Alternate Approach/Partial Implementation",($J$1*$D43),0)) -> 0 | H43: NOT IMPLEMENTED
B44: Friends' Posts | C44: Retrieves a list of posts shared by the current user's friends from the backend server. | D44: 1 | F44: FAIL | G44: =IF(F44="PASS",$D44,IF(F44="Alternate Approach/Partial Implementation",($J$1*$D44),0)) -> 0 | H44: NOT IMPLEMENTED
B45: Add Comment | C45: Adds a new comment to a specific post in the backend database. | D45: 0.5 | F45: PASS | G45: =IF(F45="PASS",$D45,IF(F45="Alternate Approach/Partial Implementation",($J$1*$D45),0)) -> 0.5
B46: Add Reply | C46: Adds a reply to a specific comment in the backend database. | D46: 0.5 | F46: FAIL | G46: =IF(F46="PASS",$D46,IF(F46="Alternate Approach/Partial Implementation",($J$1*$D46),0)) -> 0 | H46: NOT IMPLEMENTED
A48: Core Functionalities | B48: Functionality | D48: =SUM(D49:D88) -> 40 | G48: =SUM(G49:G88) -> 16 | H48: =(F48/D48)*100 -> 0
B49: User Details with Bio | C49: Connect the userProfile component and aboutUser component to Redux, enabling them to retrieve user-related data from the application state. | D49: 1 | E49: ● Apply and build the application using the core React concepts. ● Apply state management concepts and build the application. ● Debug the issues, while developing. ● Use essential coding and performance standard ● Effectively apply and use any one CSS framework ● Apply essential reusable skills while writing the cod ● Use the story book for developing reusable components. | F49: FAIL | G49: =IF(F49="PASS",$D49,IF(F49="Alternate Approach/Partial Implementation",($J$1*$D49),0)) -> 0 | H49: No Redux Integration
C50: Implement Redux actions and reducers to fetch and manage the user details and bio data. | D50: 1 | F50: FAIL | G50: =IF(F50="PASS",$D50,IF(F50="Alternate Approach/Partial Implementation",($J$1*$D50),0)) -> 0 | H50: No user details management in Redux
C51: Once the user data is retrieved from Redux, dynamically render the user's profile details and bio content on their respective pages. | D51: 1 | F51: PASS | G51: =IF(F51="PASS",$D51,IF(F51="Alternate Approach/Partial Implementation",($J$1*$D51),0)) -> 1
C52: Ensure that the data rendering is efficient and updates in real-time if any changes occur to the user's details or bio. | D52: 1 | F52: PASS | G52: =IF(F52="PASS",$D52,IF(F52="Alternate Approach/Partial Implementation",($J$1*$D52),0)) -> 1
C53: Implement appropriate privacy settings to control the visibility of user details and bio content based on the user's preferences. | D53: 1 | F53: FAIL | G53: =IF(F53="PASS",$D53,IF(F53="Alternate Approach/Partial Implementation",($J$1*$D53),0)) -> 0 | H53: No privacy controls for profile visibility
C54: Allow users to update their privacy settings and determine who can view their profile information and bio. | D54: 1 | F54: FAIL | G54: =IF(F54="PASS",$D54,IF(F54="Alternate Approach/Partial Implementation",($J$1*$D54),0)) -> 0 | H54: No way for users to update privacy settings and determine who can view profile
C55: Provide functionality to edit and update the user's details and bio content, allowing them to make changes and save the modifications to Redux. | D55: 1 | F55: PASS | G55: =IF(F55="PASS",$D55,IF(F55="Alternate Approach/Partial Implementation",($J$1*$D55),0)) -> 1
C56: Implement proper validation to ensure that the entered data meets the required criteria and maintains data integrity. | D56: 1 | F56: FAIL | G56: =IF(F56="PASS",$D56,IF(F56="Alternate Approach/Partial Implementation",($J$1*$D56),0)) -> 0 | H56: No proper validation to ensure entered data meets required criteria and maintains data integrity
B57: Cover Page | C57: File Management: Store the cover photo images in the application's asset folder and create a separate folder to manage and retrieve the cover photos for each user. | D57: 1 | F57: FAIL | G57: =IF(F57="PASS",$D57,IF(F57="Alternate Approach/Partial Implementation",($J$1*$D57),0)) -> 0 | H57: No asset folder management, no file storage
C58: Dynamic Rendering: Retrieve and display the user's cover photo dynamically on their profile page, ensuring it reflects the most recent selection or upload. | D58: 1 | F58: FAIL | G58: =IF(F58="PASS",$D58,IF(F58="Alternate Approach/Partial Implementation",($J$1*$D58),0)) -> 0 | H58: Hardcoded image path, no user-specific covers
C59: File Management and Storage: Implement a server-side component to handle file uploads and manage the storage of cover photos. | D59: 1 | F59: FAIL | G59: =IF(F59="PASS",$D59,IF(F59="Alternate Approach/Partial Implementation",($J$1*$D59),0)) -> 0 | H59: No server-side file handling
C60: Establish a standardized naming convention or unique identifier for each cover photo to ensure easy retrieval and association with the user. | D60: 1 | F60: FAIL | G60: =IF(F60="PASS",$D60,IF(F60="Alternate Approach/Partial Implementation",($J$1*$D60),0)) -> 0 | H60: No unique identifiers for cover photos
C61: Save the dynamic picture path or unique identifier associated with the user's cover photo in the server's database. | D61: 1 | F61: FAIL | G61: =IF(F61="PASS",$D61,IF(F61="Alternate Approach/Partial Implementation",($J$1*$D61),0)) -> 0 | H61: No database path storage/retrieval
C62: Retrieve the cover photo path from the database when rendering the user's profile page, ensuring the correct cover photo is displayed. | D62: 1 | F62: FAIL | G62: =IF(F62="PASS",$D62,IF(F62="Alternate Approach/Partial Implementation",($J$1*$D62),0)) -> 0 | H62: Cover path not retrieved from user data
C63: Apply necessary security measures to protect user-uploaded cover photos from unauthorized access or misuse. | D63: 1 | F63: FAIL | G63: =IF(F63="PASS",$D63,IF(F63="Alternate Approach/Partial Implementation",($J$1*$D63),0)) -> 0 | H63: No access control or file protection
C64: Validate uploaded images to ensure they meet the specified requirements (e.g., file format, size limitations). | D64: 1 | F64: FAIL | G64: =IF(F64="PASS",$D64,IF(F64="Alternate Approach/Partial Implementation",($J$1*$D64),0)) -> 0 | H64: No file format/size validation
C65: Ensure compliance with privacy regulations and guidelines related to user-generated content. | D65: 1 | F65: FAIL | G65: =IF(F65="PASS",$D65,IF(F65="Alternate Approach/Partial Implementation",($J$1*$D65),0)) -> 0 | H65: No privacy guidelines for uploads
B66: Adding Post | C66: Image Handling: Establish a mapping between image paths in the application's assets and the corresponding images stored on the server. Implement image upload and storage mechanisms for post attachments. | D66: 1 | F66: FAIL | G66: =IF(F66="PASS",$D66,IF(F66="Alternate Approach/Partial Implementation",($J$1*$D66),0)) -> 0 | H66: NO UPLOAD MECHANISM
C67: Post Creation: Validate user's post messages, handle image uploads, and associate the posts with the users who authored them. | D67: 1 | F67: PASS | G67: =IF(F67="PASS",$D67,IF(F67="Alternate Approach/Partial Implementation",($J$1*$D67),0)) -> 1
C68: Data Persistence: Store post content, including messages, image paths, and associated user details, in the server's database for future retrieval. | D68: 1 | F68: PASS | G68: =IF(F68="PASS",$D68,IF(F68="Alternate Approach/Partial Implementation",($J$1*$D68),0)) -> 1
C69: Data Association: Associate created posts with the respective users for proper attribution and visibility. | D69: 1 | F69: PASS | G69: =IF(F69="PASS",$D69,IF(F69="Alternate Approach/Partial Implementation",($J$1*$D69),0)) -> 1
C70: Retrieve Post Data: Fetch relevant post information, including messages and image paths, from the server's database for display. | D70: 1 | F70: PASS | G70: =IF(F70="PASS",$D70,IF(F70="Alternate Approach/Partial Implementation",($J$1*$D70),0)) -> 1
B71: Feed Area | C71: Reply Functionality: Allow users to reply to specific comments within a post, fostering threaded conversations. | D71: 1 | F71: FAIL | G71: =IF(F71="PASS",$D71,IF(F71="Alternate Approach/Partial Implementation",($J$1*$D71),0)) -> 0 | H71: NO THREADED REPLIES
C72: Feed Population: Retrieve post data from the server, ensuring that user details and post information are stored and maintained separately. | D72: 1 | F72: PASS | G72: =IF(F72="PASS",$D72,IF(F72="Alternate Approach/Partial Implementation",($J$1*$D72),0)) -> 1
C73: Display Order: Determine the order in which posts are displayed, such as sorting by the most recent or applying any relevant algorithms for personalized content. | D73: 1 | F73: FAIL | G73: =IF(F73="PASS",$D73,IF(F73="Alternate Approach/Partial Implementation",($J$1*$D73),0)) -> 0 | H73: NO SORTING ALGORITHM
C74: Comment Creation: Enable users to create comments on posts, associating them with the respective post and user details. | D74: 1 | F74: PASS | G74: =IF(F74="PASS",$D74,IF(F74="Alternate Approach/Partial Implementation",($J$1*$D74),0)) -> 1
C75: Reply Handling: Implement a threaded comment system that allows users to reply to specific comments, ensuring the replies are nested and organized. | D75: 1 | F75: FAIL | G75: =IF(F75="PASS",$D75,IF(F75="Alternate Approach/Partial Implementation",($J$1*$D75),0)) -> 0 | H75: NO REPLY SYSTEM
C76: Data Flow: Utilize Redux to manage the state of the feed area, ensuring that user details and post data flow through the appropriate Redux actions and reducers. | D76: 1 | F76: PASS | G76: =IF(F76="PASS",$D76,IF(F76="Alternate Approach/Partial Implementation",($J$1*$D76),0)) -> 1
C77: Data Synchronization: Ensure that any updates or changes made to posts, likes, and comments are synchronized and reflected across all relevant components. | D77: 1 | F77: PASS | G77: =IF(F77="PASS",$D77,IF(F77="Alternate Approach/Partial Implementation",($J$1*$D77),0)) -> 1
C78: Real-time Updates: Implement mechanisms for real-time updates, such as WebSocket or push notifications, to notify users of new posts, likes, and comments. | D78: 1 | F78: FAIL | G78: =IF(F78="PASS",$D78,IF(F78="Alternate Approach/Partial Implementation",($J$1*$D78),0)) -> 0 | H78: NO REAL-TIME FEATURES
C79: User Notifications: Notify users of any activity related to their posts, likes, or comments, ensuring they stay engaged with the application. | D79: 1 | F79: FAIL | G79: =IF(F79="PASS",$D79,IF(F79="Alternate Approach/Partial Implementation",($J$1*$D79),0)) -> 0 | H79: NO NOTIFICATION SYSTEM
B80: Add User (Friends) | C80: Real-Time Update: Ensure that the friends list is updated in real time when a new user is added, providing immediate visibility to the newly added friend. | D80: 1 | F80: FAIL | G80: =IF(F80="PASS",$D80,IF(F80="Alternate Approach/Partial Implementation",($J$1*$D80),0)) -> 0 | H80: NO REAL-TIME FEATURES
C81: Append New User: Upon submitting the user's information, append the new user to the existing friends list, displaying their basic information in the appropriate format. | D81: 1 | F81: PASS | G81: =IF(F81="PASS",$D81,IF(F81="Alternate Approach/Partial Implementation",($J$1*$D81),0)) -> 1
C82: Capture User Information: Prompt the user to enter the basic information of the user they want to add, such as name, profile picture, and email. | D82: 1 | F82: PASS | G82: =IF(F82="PASS",$D82,IF(F82="Alternate Approach/Partial Implementation",($J$1*$D82),0)) -> 1
C83: Validation: Validate the entered information to ensure it meets the required criteria, such as proper email format or specific character limits. | D83: 1 | F83: FAIL | G83: =IF(F83="PASS",$D83,IF(F83="Alternate Approach/Partial Implementation",($J$1*$D83),0)) -> 0 | H83: NO EMAIL FORMAT/CHAR LIMITS
C84: Submit Data: Upon clicking the submit button, send the entered user information to the server or database for processing and storage. | D84: 1 | F84: PASS | G84: =IF(F84="PASS",$D84,IF(F84="Alternate Approach/Partial Implementation",($J$1*$D84),0)) -> 1
C85: Append to Friends List: Once the server confirms the successful addition of the new user, update the friends list by appending the new user's basic information to the existing list. | D85: 1 | F85: PASS | G85: =IF(F85="PASS",$D85,IF(F85="Alternate Approach/Partial Implementation",($J$1*$D85),0)) -> 1
C86: Implement error handling mechanisms to handle any issues that may occur during the user addition process, such as network errors or duplicate entries. | D86: 1 | F86: FAIL | G86: =IF(F86="PASS",$D86,IF(F86="Alternate Approach/Partial Implementation",($J$1*$D86),0)) -> 0 | H86: LIMITED ERROR HANDLING
C87: Data Security: Implement appropriate security measures to protect user data during the user addition process, ensuring data privacy and compliance with data protection regulations. | D87: 1 | F87: FAIL | G87: =IF(F87="PASS",$D87,IF(F87="Alternate Approach/Partial Implementation",($J$1*$D87),0)) -> 0 | H87: NO SECURITY MEASURES
C88: Data Persistence: Store the user's basic information securely in the server or database for future reference and retrieval. | D88: 1 | F88: PASS | G88: =IF(F88="PASS",$D88,IF(F88="Alternate Approach/Partial Implementation",($J$1*$D88),0)) -> 1
A90: Developing Reusable Components | B90: Develop reusable components | D90: =SUM(D91:D95) -> 10 | G90: =SUM(G91:G95) -> 6
B91: Environment Setup | C91: Set up React v18 and JSON Server for quick REST API service.Use 'db.json' as the database for data storage. | D91: 2 | E91: • Implement the components which fits the component library standards. • React Component Design Pattern • Develop reusable components | F91: PASS | G91: =IF(F91="PASS",$D91,IF(F91="Alternate Approach/Partial Implementation",($J$1*$D91),0)) -> 2
B92: User Details and Bio | C92: Create user profile and bio pages.Integrate Redux for data management.Implement dynamic rendering of user data. | D92: 2 | F92: Alternate Approach/Partial implementation | G92: =IF(F92="PASS",$D92,IF(F92="Alternate Approach/Partial Implementation",($J$1*$D92),0)) -> 1 | H92: NOT IMPLEMENTED:Profile editing functionality,Privacy settings
B93: Cover Page and Add Post | C93: Design cover page for profile customization.Implement "Add Post" feature with image uploads. | D93: 2 | F93: Alternate Approach/Partial implementation | G93: =IF(F93="PASS",$D93,IF(F93="Alternate Approach/Partial Implementation",($J$1*$D93),0)) -> 1 | H93: NOT IMPLEMENTED: Cover page customization (Change Cover button non-functional),Image upload functionality for posts Photo/Video button is decorative only File upload mechanism completely missing
B94: Feed Area and Friends List: | C94: Develop feed area for displaying user posts.Create friends list with real-time updates. | D94: 2 | F94: Alternate Approach/Partial implementation | G94: =IF(F94="PASS",$D94,IF(F94="Alternate Approach/Partial Implementation",($J$1*$D94),0)) -> 1 | H94: NOT IMPLEMENTED: Real-time updates (no WebSocket/live sync),Live notifications
B95: Add User (Friends) and Zip Instructions: | C95: Design modal popup for adding friends.Follow instructions for zipping the code. | D95: 2 | F95: Alternate Approach/Partial implementation | G95: =IF(F95="PASS",$D95,IF(F95="Alternate Approach/Partial Implementation",($J$1*$D95),0)) -> 1 | H95: NOT IMPLEMENTED: Real-time visibility of new friends to other users Comprehensive validation (email format, duplicates)
A97: Performance Best practices / Others | B97: Implement Best Practices and standards | D97: =SUM(D98:D99) -> 10 | G97: =SUM(G98:G99) -> 5
B98: ES Lint | C98: Verify that ESLint installation and configuration done in the workspace | D98: 5 | E98: Implement Auditing essentials for the SPA / React JS | F98: Alternate Approach/Partial implementation | G98: =IF(F98="PASS",$D98,IF(F98="Alternate Approach/Partial Implementation",($J$1*$D98),0)) -> 2.5 | H98: Basic ESLint configuration
C99: Verify that all the Rules defined in the requirement document is implemented in ESLint | D99: 5 | F99: Alternate Approach/Partial implementation | G99: =IF(F99="PASS",$D99,IF(F99="Alternate Approach/Partial Implementation",($J$1*$D99),0)) -> 2.5 | H99: Basic ESLint configuration
D101: =SUM(D97,D90,D48,D35,D4) -> 100 | G101: =SUM(G97,G90,G48,G35,G4) -> 56.5

Sheet Skill Cluster
A1: Skill Cluster
A2: Features | B2: Status | C2: Weightage | D2: Score | E2: Topicwise %
A3: Develop User interfaces for all the pages | B3: =IF((D3/C3*100)>=80,"Areas of Excellence",IF(AND((D3/C3*100)>=60,(D3/C3*100)<80),"Areas of improvement","Areas of Focus")) -> Areas of improvement | C3: ='Metric Test Case'!D4 -> 30 | D3: ='Metric Test Case'!G4 -> 23 | E3: =(D3/C3)*100 -> 76.666667
A4: API Implementations | B4: =IF((D4/C4*100)>=80,"Areas of Excellence",IF(AND((D4/C4*100)>=60,(D4/C4*100)<80),"Areas of improvement","Areas of Focus")) -> Areas of improvement | C4: ='Metric Test Case'!D35 -> 10 | D4: ='Metric Test Case'!G35 -> 6.5 | E4: =(D4/C4)*100 -> 65
A5: Functionalities | B5: =IF((D5/C5*100)>=80,"Areas of Excellence",IF(AND((D5/C5*100)>=60,(D5/C5*100)<80),"Areas of improvement","Areas of Focus")) -> Areas of Focus | C5: ='Metric Test Case'!D48 -> 40 | D5: ='Metric Test Case'!G48 -> 16 | E5: =(D5/C5)*100 -> 40
A6: Developing Reusable Components | B6: =IF((D6/C6*100)>=80,"Areas of Excellence",IF(AND((D6/C6*100)>=60,(D6/C6*100)<80),"Areas of improvement","Areas of Focus")) -> Areas of improvement | C6: ='Metric Test Case'!D90 -> 10 | D6: ='Metric Test Case'!G90 -> 6 | E6: =(D6/C6)*100 -> 60
A7: Performance Best practices / Others | B7: =IF((D7/C7*100)>=80,"Areas of Excellence",IF(AND((D7/C7*100)>=60,(D7/C7*100)<80),"Areas of improvement","Areas of Focus")) -> Areas of Focus | C7: ='Metric Test Case'!D97 -> 10 | D7: ='Metric Test Case'!G97 -> 5 | E7: =(D7/C7)*100 -> 50
C8: =SUM(C3:C7) -> 100 | D8: =SUM(D3:D7) -> 56.5

Sheet formuls
A1: PASS
A2: FAIL
A3: Not Evaluated
A4: Alternate Approach/Partial implementation
